brand_name,property_id,period,sessionDefaultChannelGrouping,sessions,totalUsers,conversions,engagementRate
Anthony,373485153,Feb2024,Cross-network,10862,8571,84,0.26901123181734488
Anthony,373485153,Feb2024,Paid Search,10758,9319,111,0.21332961517010596
Anthony,373485153,Feb2024,Direct,10757,7839,156,0.311332155805522
Anthony,373485153,Feb2024,Organic Social,5114,4368,28,0.12905748924520924
Anthony,373485153,Feb2024,Organic Search,4983,3887,264,0.62030905077262688
Anthony,373485153,Feb2024,Unassigned,2644,2390,593,0.18116490166414523
Anthony,373485153,Feb2024,Referral,1389,1335,18,0.14614830813534918
Anthony,373485153,Feb2024,Paid Other,315,303,1,0.2857142857142857
Anthony,373485153,Feb2024,Display,98,92,0,0.32653061224489793
Anthony,373485153,Feb2024,Organic Video,6,5,0,0.5
Anthony,373485153,Feb2024,Organic Shopping,1,1,0,0
Anthony,373485153,Feb2025,Paid Search,42665,30760,5537,0.21118012422360249
Anthony,373485153,Feb2025,Cross-network,8110,5991,2024,0.37916152897657213
Anthony,373485153,Feb2025,Unassigned,4835,4474,1028,0.22275077559462256
Anthony,373485153,Feb2025,Direct,4786,4188,3959,0.49874634350188046
Anthony,373485153,Feb2025,Organic Search,3921,3212,2665,0.662076001020148
Anthony,373485153,Feb2025,Referral,1222,1146,31,0.10310965630114566
Anthony,373485153,Feb2025,Organic Video,565,475,340,0.63539823008849561
Anthony,373485153,Feb2025,Organic Social,498,447,21,0.16867469879518071
Anthony,373485153,Feb2025,Display,481,429,2,0.14760914760914762
Anthony,373485153,Feb2025,Paid Other,114,109,55,0.096491228070175433
Anthony,373485153,Feb2025,Organic Shopping,2,2,0,0
Anthony,373485153,Feb2025,Paid Video,1,1,0,0
"Anytime Plumbing, Heating & Cooling",297219515,Feb2023,Organic Search,4648,3843,0,0.50494836488812389
"Anytime Plumbing, Heating & Cooling",297219515,Feb2023,Direct,441,326,0,0.39909297052154197
"Anytime Plumbing, Heating & Cooling",297219515,Feb2023,Paid Search,296,263,0,0.51689189189189189
"Anytime Plumbing, Heating & Cooling",297219515,Feb2023,Organic Social,47,42,0,0.38297872340425532
"Anytime Plumbing, Heating & Cooling",297219515,Feb2023,Referral,46,35,0,0.60869565217391308
"Anytime Plumbing, Heating & Cooling",297219515,Feb2023,Unassigned,8,8,0,0
"Anytime Plumbing, Heating & Cooling",297219515,Feb2024,Referral,2265,2245,2,0.015452538631346579
"Anytime Plumbing, Heating & Cooling",297219515,Feb2024,Organic Search,2088,1653,89,0.44204980842911878
"Anytime Plumbing, Heating & Cooling",297219515,Feb2024,Direct,830,798,9,0.18674698795180722
"Anytime Plumbing, Heating & Cooling",297219515,Feb2024,Paid Search,205,190,26,0.53658536585365857
"Anytime Plumbing, Heating & Cooling",297219515,Feb2024,Unassigned,32,86,94,0.0625
"Anytime Plumbing, Heating & Cooling",297219515,Feb2024,Organic Social,3,3,0,0.66666666666666663
"Anytime Plumbing, Heating & Cooling",297219515,Feb2025,Referral,2482,2445,5,0.95608380338436749
"Anytime Plumbing, Heating & Cooling",297219515,Feb2025,Organic Search,2327,1868,52,0.90159003008165017
"Anytime Plumbing, Heating & Cooling",297219515,Feb2025,Unassigned,2303,2069,114,0.8184976118106817
"Anytime Plumbing, Heating & Cooling",297219515,Feb2025,Direct,513,452,2,0.78557504873294348
"Anytime Plumbing, Heating & Cooling",297219515,Feb2025,Paid Search,478,443,14,0.57949790794979084
"Anytime Plumbing, Heating & Cooling",297219515,Feb2025,Organic Social,12,12,0,0.91666666666666663
Apollo Home,361108781,Feb2024,Organic Search,14236,12142,366,0.557881427367238
Apollo Home,361108781,Feb2024,Referral,4045,4017,0,0.045488257107540175
Apollo Home,361108781,Feb2024,Direct,3011,2555,89,0.28495516439721025
Apollo Home,361108781,Feb2024,Unassigned,2399,2320,704,0.17757398916215089
Apollo Home,361108781,Feb2024,Organic Social,1772,1526,1,0.11512415349887133
Apollo Home,361108781,Feb2024,Paid Search,1034,831,125,0.49129593810444872
Apollo Home,361108781,Feb2024,Cross-network,557,446,21,0.3608617594254937
Apollo Home,361108781,Feb2024,Organic Video,222,214,0,0.15315315315315314
Apollo Home,361108781,Feb2024,Display,89,75,0,0.14606741573033707
Apollo Home,361108781,Feb2024,Paid Other,3,3,0,0
Apollo Home,361108781,Feb2024,Email,2,2,2,1
Apollo Home,361108781,Feb2025,Organic Search,7406,6257,2909,0.63286524439643532
Apollo Home,361108781,Feb2025,Referral,4654,4598,107,0.068758057584873231
Apollo Home,361108781,Feb2025,Unassigned,3343,3079,517,0.10708944062219564
Apollo Home,361108781,Feb2025,Paid Search,2912,2525,1251,0.55631868131868134
Apollo Home,361108781,Feb2025,Direct,2879,2303,5230,0.614102118791247
Apollo Home,361108781,Feb2025,Paid Social,1543,1416,5,0.16267012313674659
Apollo Home,361108781,Feb2025,Display,524,476,8,0.12977099236641221
Apollo Home,361108781,Feb2025,Cross-network,420,374,187,0.46190476190476193
Apollo Home,361108781,Feb2025,Organic Social,68,63,34,0.6470588235294118
Apollo Home,361108781,Feb2025,Organic Video,6,2,0,0
Apollo Home,361108781,Feb2025,Organic Shopping,5,5,0,0
Apollo Home,361108781,Feb2025,Email,1,1,0,0
Arctic Air Conditioning,353108280,Feb2023,Paid Search,1604,1453,55,0.50062344139650872
Arctic Air Conditioning,353108280,Feb2023,Organic Search,859,740,17,0.610011641443539
Arctic Air Conditioning,353108280,Feb2023,Organic Social,451,371,0,0.25277161862527714
Arctic Air Conditioning,353108280,Feb2023,Direct,399,341,15,0.41102756892230574
Arctic Air Conditioning,353108280,Feb2023,Display,73,46,0,0.38356164383561642
Arctic Air Conditioning,353108280,Feb2023,Unassigned,42,42,1,0
Arctic Air Conditioning,353108280,Feb2023,Referral,22,16,0,0.68181818181818177
Arctic Air Conditioning,353108280,Feb2023,Email,4,4,3,0.75
Arctic Air Conditioning,353108280,Feb2024,Paid Search,6901,6422,458,0.47311983770468047
Arctic Air Conditioning,353108280,Feb2024,Referral,4905,4753,16,0.049337410805300713
Arctic Air Conditioning,353108280,Feb2024,Organic Search,3485,3041,277,0.62209469153515062
Arctic Air Conditioning,353108280,Feb2024,Direct,2595,2401,137,0.19306358381502889
Arctic Air Conditioning,353108280,Feb2024,Unassigned,1370,1201,64,0.11021897810218978
Arctic Air Conditioning,353108280,Feb2024,Cross-network,680,657,68,0.54705882352941182
Arctic Air Conditioning,353108280,Feb2024,Email,115,91,683,0.77391304347826084
Arctic Air Conditioning,353108280,Feb2024,Paid Social,103,101,1,0.1650485436893204
Arctic Air Conditioning,353108280,Feb2024,Organic Social,50,28,1,0.56
Arctic Air Conditioning,353108280,Feb2024,Display,22,18,0,0.27272727272727271
Arctic Air Conditioning,353108280,Feb2025,Paid Search,28372,24322,2857,0.208127731566333
Arctic Air Conditioning,353108280,Feb2025,Organic Search,5169,4200,1363,0.59315147997678463
Arctic Air Conditioning,353108280,Feb2025,Cross-network,3768,3320,1283,0.37234607218683652
Arctic Air Conditioning,353108280,Feb2025,Unassigned,2783,2586,443,0.12935680919870643
Arctic Air Conditioning,353108280,Feb2025,Referral,2781,2710,116,0.12333692916217188
Arctic Air Conditioning,353108280,Feb2025,Direct,2098,1824,510,0.37559580552907529
Arctic Air Conditioning,353108280,Feb2025,Paid Social,1085,898,270,0.26728110599078342
Arctic Air Conditioning,353108280,Feb2025,Display,312,298,2,0.060897435897435896
Arctic Air Conditioning,353108280,Feb2025,Organic Social,118,115,24,0.67796610169491522
Arctic Air Conditioning,353108280,Feb2025,Email,79,64,173,0.74683544303797467
Arctic Air Conditioning,353108280,Feb2025,Organic Shopping,4,4,0,0
Arctic Air Conditioning,353108280,Feb2025,Organic Video,1,1,0,0
Aztec Plumbing,261931913,Feb2023,Organic Search,16450,13964,0,0.56753799392097259
Aztec Plumbing,261931913,Feb2023,Paid Search,4436,3461,0,0.63863841298467083
Aztec Plumbing,261931913,Feb2023,Direct,2900,2395,0,0.26551724137931032
Aztec Plumbing,261931913,Feb2023,Unassigned,1287,989,0,0.14219114219114218
Aztec Plumbing,261931913,Feb2023,Referral,717,704,0,0.085076708507670851
Aztec Plumbing,261931913,Feb2023,Paid Other,520,484,0,0.63461538461538458
Aztec Plumbing,261931913,Feb2023,Organic Social,249,240,0,0.31325301204819278
Aztec Plumbing,261931913,Feb2023,Organic Video,4,4,0,0
Aztec Plumbing,261931913,Feb2023,Display,2,2,0,0
Aztec Plumbing,261931913,Feb2024,Organic Search,8974,7614,0,0.57176287051482055
Aztec Plumbing,261931913,Feb2024,Direct,2184,1962,0,0.26053113553113555
Aztec Plumbing,261931913,Feb2024,Referral,939,901,0,0.085197018104366348
Aztec Plumbing,261931913,Feb2024,Unassigned,658,599,0,0.12613981762917933
Aztec Plumbing,261931913,Feb2024,Organic Social,474,466,0,0.16244725738396623
Aztec Plumbing,261931913,Feb2024,Paid Other,112,110,0,0.8214285714285714
Aztec Plumbing,261931913,Feb2024,Paid Search,107,102,0,0.87850467289719625
Aztec Plumbing,261931913,Feb2024,Organic Video,24,22,0,0.20833333333333334
Aztec Plumbing,261931913,Feb2025,Cross-network,9923,9514,276,0.16335785548725185
Aztec Plumbing,261931913,Feb2025,Organic Search,9270,7881,693,0.5869471413160734
Aztec Plumbing,261931913,Feb2025,Unassigned,3116,2948,246,0.13157894736842105
Aztec Plumbing,261931913,Feb2025,Referral,2463,2335,212,0.15874949248883474
Aztec Plumbing,261931913,Feb2025,Direct,1430,1266,352,0.43986013986013989
Aztec Plumbing,261931913,Feb2025,Paid Search,1246,1003,595,0.5208667736757624
Aztec Plumbing,261931913,Feb2025,Paid Social,1044,909,162,0.37643678160919541
Aztec Plumbing,261931913,Feb2025,Organic Social,210,211,3,0.88571428571428568
Aztec Plumbing,261931913,Feb2025,Organic Shopping,4,4,4,1
Bell Brothers,361706527,Feb2024,Cross-network,1323,1141,75,0.34240362811791381
Bell Brothers,361706527,Feb2024,Paid Search,945,856,42,0.30264550264550266
Bell Brothers,361706527,Feb2024,Organic Search,640,545,37,0.46875
Bell Brothers,361706527,Feb2024,Referral,629,619,1,0.060413354531001592
Bell Brothers,361706527,Feb2024,Unassigned,615,571,149,0.14959349593495935
Bell Brothers,361706527,Feb2024,Direct,567,529,18,0.26631393298059963
Bell Brothers,361706527,Feb2024,Paid Social,277,272,0,0.025270758122743681
Bell Brothers,361706527,Feb2024,Email,72,72,0,0
Bell Brothers,361706527,Feb2024,Organic Social,41,36,0,0.34146341463414637
Bell Brothers,361706527,Feb2024,Display,25,25,0,0.04
Bell Brothers,361706527,Feb2024,Paid Video,1,1,0,1
Bell Brothers,361706527,Feb2025,Paid Search,1874,1707,71,0.26200640341515474
Bell Brothers,361706527,Feb2025,Cross-network,1027,818,53,0.37585199610516068
Bell Brothers,361706527,Feb2025,Organic Social,154,152,0,0.11038961038961038
Bell Brothers,361706527,Feb2025,Unassigned,68,135,124,0.044117647058823532
Bell Brothers,361706527,Feb2025,Direct,60,59,26,0.48333333333333334
Bell Brothers,361706527,Feb2025,Organic Search,60,60,21,0.21666666666666667
Bell Brothers,361706527,Feb2025,Paid Social,4,2,0,0
Bell Brothers,361706527,Feb2025,Referral,3,3,2,1
Black Hills Inc,383262078,Feb2024,Paid Search,7459,6282,91,0.24011261563212227
Black Hills Inc,383262078,Feb2024,Organic Search,7387,6365,134,0.56328685528631384
Black Hills Inc,383262078,Feb2024,Direct,1538,1414,30,0.24512353706111834
Black Hills Inc,383262078,Feb2024,Unassigned,985,932,197,0.15837563451776648
Black Hills Inc,383262078,Feb2024,Referral,954,920,8,0.12893081761006289
Black Hills Inc,383262078,Feb2024,Paid Social,381,364,0,0.049868766404199474
Black Hills Inc,383262078,Feb2024,Organic Video,208,185,5,0.28846153846153844
Black Hills Inc,383262078,Feb2024,Organic Social,71,71,0,0.15492957746478872
Black Hills Inc,383262078,Feb2024,Paid Other,16,13,0,0.3125
Black Hills Inc,383262078,Feb2024,Paid Video,4,4,0,0
Black Hills Inc,383262078,Feb2024,Display,3,1,0,0
Black Hills Inc,383262078,Feb2025,Paid Search,15644,12936,120,0.18032472513423678
Black Hills Inc,383262078,Feb2025,Organic Search,6393,5570,174,0.60175191615829815
Black Hills Inc,383262078,Feb2025,Cross-network,2793,2217,54,0.39026136770497671
Black Hills Inc,383262078,Feb2025,Direct,1356,1195,48,0.35324483775811211
Black Hills Inc,383262078,Feb2025,Unassigned,1166,1098,184,0.093481989708404808
Black Hills Inc,383262078,Feb2025,Referral,931,918,5,0.094522019334049412
Black Hills Inc,383262078,Feb2025,Display,370,350,0,0.15405405405405406
Black Hills Inc,383262078,Feb2025,Organic Social,21,20,1,0.47619047619047616
Black Hills Inc,383262078,Feb2025,Email,3,1,0,0.33333333333333331
Black Hills Inc,383262078,Feb2025,Organic Shopping,1,1,0,0
Campbell and Company,319229254,Feb2023,Paid Search,3365,2758,63,0.27904903417533433
Campbell and Company,319229254,Feb2023,Display,1730,1612,0,0.14277456647398845
Campbell and Company,319229254,Feb2023,Organic Search,1596,1283,97,0.59398496240601506
Campbell and Company,319229254,Feb2023,Cross-network,1275,1035,11,0.24705882352941178
Campbell and Company,319229254,Feb2023,Direct,1021,875,103,0.53085210577864839
Campbell and Company,319229254,Feb2023,Unassigned,389,374,1,0.079691516709511565
Campbell and Company,319229254,Feb2023,Referral,146,95,2,0.65753424657534243
Campbell and Company,319229254,Feb2023,Email,111,93,1,0.47747747747747749
Campbell and Company,319229254,Feb2023,Organic Social,42,40,0,0.52380952380952384
Campbell and Company,319229254,Feb2024,Paid Search,1529,1320,299,0.57684761281883579
Campbell and Company,319229254,Feb2024,Organic Search,1527,1207,258,0.650294695481336
Campbell and Company,319229254,Feb2024,Referral,1370,1329,23,0.066423357664233573
Campbell and Company,319229254,Feb2024,Unassigned,886,713,129,0.1580135440180587
Campbell and Company,319229254,Feb2024,Direct,823,757,137,0.402187120291616
Campbell and Company,319229254,Feb2024,Cross-network,261,200,105,0.67049808429118773
Campbell and Company,319229254,Feb2024,Email,120,88,165,0.70833333333333337
Campbell and Company,319229254,Feb2024,Organic Social,115,113,5,0.19130434782608696
Campbell and Company,319229254,Feb2024,Display,5,4,0,0.4
Campbell and Company,319229254,Feb2025,Paid Search,4566,3899,895,0.26565922032413491
Campbell and Company,319229254,Feb2025,Referral,2494,2438,14,0.051724137931034482
Campbell and Company,319229254,Feb2025,Organic Search,1743,1361,885,0.6224899598393574
Campbell and Company,319229254,Feb2025,Cross-network,1550,1352,347,0.3
Campbell and Company,319229254,Feb2025,Unassigned,1325,1219,248,0.11018867924528301
Campbell and Company,319229254,Feb2025,Direct,1258,1093,746,0.4578696343402226
Campbell and Company,319229254,Feb2025,Organic Social,243,237,22,0.12757201646090535
Campbell and Company,319229254,Feb2025,Email,16,1,3,0.9375
Campbell and Company,319229254,Feb2025,Organic Video,6,5,1,0.16666666666666666
Campbell and Company,319229254,Feb2025,Organic Shopping,1,1,0,0
Cassell Brothers,361657600,Feb2024,Paid Search,21309,18390,50,0.1020226195504247
Cassell Brothers,361657600,Feb2024,Cross-network,7534,5610,55,0.20560127422352004
Cassell Brothers,361657600,Feb2024,Referral,1517,1482,11,0.07976268951878708
Cassell Brothers,361657600,Feb2024,Direct,1067,978,41,0.48359887535145268
Cassell Brothers,361657600,Feb2024,Unassigned,769,641,38,0.10273081924577374
Cassell Brothers,361657600,Feb2024,Organic Search,626,470,53,0.58785942492012777
Cassell Brothers,361657600,Feb2024,Organic Social,486,461,2,0.080246913580246909
Cassell Brothers,361657600,Feb2024,Organic Video,5,4,0,0.2
Cassell Brothers,361657600,Feb2024,Paid Video,3,3,0,0
Cassell Brothers,361657600,Feb2024,Paid Other,2,2,0,0.5
Cassell Brothers,361657600,Feb2024,Display,1,1,0,0
Cassell Brothers,361657600,Feb2025,Direct,1621,1447,19,0.21344848858729179
Cassell Brothers,361657600,Feb2025,Unassigned,1355,1219,73,0.13062730627306274
Cassell Brothers,361657600,Feb2025,Referral,1122,1095,4,0.0677361853832442
Cassell Brothers,361657600,Feb2025,Organic Search,645,528,60,0.648062015503876
Cassell Brothers,361657600,Feb2025,Paid Social,514,457,0,0.26459143968871596
Cassell Brothers,361657600,Feb2025,Paid Search,479,383,59,0.54697286012526092
Cassell Brothers,361657600,Feb2025,Organic Social,45,44,0,0.44444444444444442
Cassell Brothers,361657600,Feb2025,Display,1,1,0,0
Charles Stone Mechanical,403757637,Feb2024,Organic Search,294,203,0,0.63605442176870752
Charles Stone Mechanical,403757637,Feb2024,Direct,270,231,0,0.31481481481481483
Charles Stone Mechanical,403757637,Feb2024,Referral,219,210,0,0.20091324200913241
Charles Stone Mechanical,403757637,Feb2024,Paid Search,187,159,0,0.29946524064171121
Charles Stone Mechanical,403757637,Feb2024,Unassigned,99,85,0,0.090909090909090912
Charles Stone Mechanical,403757637,Feb2024,Organic Social,6,6,0,0.5
Charles Stone Mechanical,403757637,Feb2024,Display,2,2,0,0.5
Charles Stone Mechanical,403757637,Feb2025,Cross-network,418,330,21,0.30861244019138756
Charles Stone Mechanical,403757637,Feb2025,Organic Search,359,276,31,0.57103064066852371
Charles Stone Mechanical,403757637,Feb2025,Direct,255,229,18,0.39215686274509803
Charles Stone Mechanical,403757637,Feb2025,Paid Search,88,70,15,0.60227272727272729
Charles Stone Mechanical,403757637,Feb2025,Unassigned,62,53,48,0.12903225806451613
Charles Stone Mechanical,403757637,Feb2025,Referral,27,23,2,0.81481481481481477
Charles Stone Mechanical,403757637,Feb2025,Organic Social,16,14,1,0.5
Dauenhauer Plumbing,358767034,Feb2024,Cross-network,4835,4156,17,0.23164426059979318
Dauenhauer Plumbing,358767034,Feb2024,Referral,3714,3661,0,0.044157242864835758
Dauenhauer Plumbing,358767034,Feb2024,Organic Search,2171,1712,62,0.59695992630124362
Dauenhauer Plumbing,358767034,Feb2024,Unassigned,2006,1506,0,0.19042871385842472
Dauenhauer Plumbing,358767034,Feb2024,Direct,1937,1690,49,0.37790397521941144
Dauenhauer Plumbing,358767034,Feb2024,Paid Search,1127,993,28,0.47382431233362909
Dauenhauer Plumbing,358767034,Feb2024,Display,118,105,0,0.1864406779661017
Dauenhauer Plumbing,358767034,Feb2024,Organic Social,57,54,3,0.40350877192982454
Dauenhauer Plumbing,358767034,Feb2024,Organic Video,8,8,0,0.375
Dauenhauer Plumbing,358767034,Feb2025,Organic Search,2977,2561,4189,0.66006046355391335
Dauenhauer Plumbing,358767034,Feb2025,Paid Search,1412,1112,3147,0.66218130311614731
Dauenhauer Plumbing,358767034,Feb2025,Direct,972,879,2607,0.62551440329218111
Dauenhauer Plumbing,358767034,Feb2025,Unassigned,623,624,233,0.10272873194221509
Dauenhauer Plumbing,358767034,Feb2025,Referral,522,511,54,0.14367816091954022
Dauenhauer Plumbing,358767034,Feb2025,Organic Social,45,44,35,0.77777777777777779
Dauenhauer Plumbing,358767034,Feb2025,Organic Shopping,4,4,0,0
Dauenhauer Plumbing,358767034,Feb2025,Paid Social,1,1,4,1
Fayette Heating & Air,362082264,Feb2024,Referral,2796,2708,0,0.070457796852646637
Fayette Heating & Air,362082264,Feb2024,Unassigned,1790,1406,0,0.19162011173184357
Fayette Heating & Air,362082264,Feb2024,Direct,1732,1513,30,0.37009237875288686
Fayette Heating & Air,362082264,Feb2024,Cross-network,1432,867,1,0.29958100558659218
Fayette Heating & Air,362082264,Feb2024,Organic Search,1340,1017,19,0.61343283582089547
Fayette Heating & Air,362082264,Feb2024,Paid Search,661,586,6,0.546142208774584
Fayette Heating & Air,362082264,Feb2024,Organic Social,99,94,0,0.45454545454545453
Fayette Heating & Air,362082264,Feb2024,Display,7,7,0,0
Fayette Heating & Air,362082264,Feb2024,Paid Other,4,1,0,0
Fayette Heating & Air,362082264,Feb2024,Organic Video,1,1,0,0
Fayette Heating & Air,362082264,Feb2025,Unassigned,1636,1462,198,0.15831295843520782
Fayette Heating & Air,362082264,Feb2025,Paid Search,1634,1407,234,0.554467564259486
Fayette Heating & Air,362082264,Feb2025,Referral,1444,1387,14,0.076869806094182827
Fayette Heating & Air,362082264,Feb2025,Organic Search,1279,981,155,0.6153244722439406
Fayette Heating & Air,362082264,Feb2025,Direct,958,841,52,0.42275574112734865
Fayette Heating & Air,362082264,Feb2025,Display,576,517,1,0.074652777777777776
Fayette Heating & Air,362082264,Feb2025,Paid Social,465,420,0,0.37849462365591396
Fayette Heating & Air,362082264,Feb2025,Organic Social,146,142,0,0.28767123287671231
Fayette Heating & Air,362082264,Feb2025,Organic Shopping,3,3,0,0
GAC Services,309938017,Feb2024,Paid Search,19993,17156,35,0.10678737558145351
GAC Services,309938017,Feb2024,Organic Search,7229,6145,147,0.56909669387190487
GAC Services,309938017,Feb2024,Cross-network,5312,4189,44,0.2371987951807229
GAC Services,309938017,Feb2024,Referral,3261,3225,5,0.049064704078503524
GAC Services,309938017,Feb2024,Direct,2625,2332,54,0.36685714285714288
GAC Services,309938017,Feb2024,Paid Social,1807,1748,0,0.097399003873824011
GAC Services,309938017,Feb2024,Unassigned,997,1027,342,0.14744232698094284
GAC Services,309938017,Feb2024,Display,636,616,0,0.037735849056603772
GAC Services,309938017,Feb2024,Organic Social,62,59,0,0.29032258064516131
GAC Services,309938017,Feb2024,Organic Video,62,58,1,0.24193548387096775
GAC Services,309938017,Feb2024,Paid Other,24,21,0,0.33333333333333331
GAC Services,309938017,Feb2024,Email,2,1,0,0.5
GAC Services,309938017,Feb2025,Organic Search,9026,7810,211,0.566142255705739
GAC Services,309938017,Feb2025,Referral,4801,4688,25,0.12018329514684441
GAC Services,309938017,Feb2025,Unassigned,2327,2285,300,0.10227761065749892
GAC Services,309938017,Feb2025,Direct,2075,1787,79,0.40337349397590361
GAC Services,309938017,Feb2025,Paid Search,1856,1537,190,0.51400862068965514
GAC Services,309938017,Feb2025,Paid Social,1237,1150,3,0.14632174616006469
GAC Services,309938017,Feb2025,Organic Social,135,130,4,0.70370370370370372
GAC Services,309938017,Feb2025,Email,74,60,1,0.581081081081081
GAC Services,309938017,Feb2025,Organic Shopping,26,26,0,0
GAC Services,309938017,Feb2025,Display,1,1,0,0
GAC Services,309938017,Feb2025,Organic Video,1,1,0,0
GAC Services,309938017,Feb2025,Paid Other,1,1,0,0
Hunter Super Techs,373521093,Feb2024,Referral,1993,1983,9,0.036628198695434017
Hunter Super Techs,373521093,Feb2024,Unassigned,920,1378,507,0.13804347826086957
Hunter Super Techs,373521093,Feb2024,Organic Social,832,779,4,0.049278846153846152
Hunter Super Techs,373521093,Feb2024,Direct,688,585,17,0.36046511627906974
Hunter Super Techs,373521093,Feb2024,Paid Search,683,607,16,0.16544655929721816
Hunter Super Techs,373521093,Feb2024,Organic Search,653,481,43,0.59418070444104132
Hunter Super Techs,373521093,Feb2024,Cross-network,348,308,16,0.35919540229885055
Hunter Super Techs,373521093,Feb2024,Display,4,3,0,0
Hunter Super Techs,373521093,Feb2025,Referral,1170,1125,4,0.087179487179487175
Hunter Super Techs,373521093,Feb2025,Unassigned,942,1336,528,0.15286624203821655
Hunter Super Techs,373521093,Feb2025,Paid Social,703,665,2,0.22617354196301565
Hunter Super Techs,373521093,Feb2025,Organic Search,631,480,76,0.61648177496038037
Hunter Super Techs,373521093,Feb2025,Direct,504,425,13,0.4642857142857143
Hunter Super Techs,373521093,Feb2025,Paid Search,460,412,45,0.48478260869565215
Hunter Super Techs,373521093,Feb2025,Cross-network,92,80,2,0.36956521739130432
Hunter Super Techs,373521093,Feb2025,Organic Social,41,39,0,0.73170731707317072
Hunter Super Techs,373521093,Feb2025,Display,1,1,0,0
LimRic,361717928,Feb2024,Referral,1439,1412,1,0.052119527449617793
LimRic,361717928,Feb2024,Paid Search,1114,984,157,0.43536804308797128
LimRic,361717928,Feb2024,Organic Search,879,638,128,0.55403868031854375
LimRic,361717928,Feb2024,Direct,849,737,63,0.2838633686690224
LimRic,361717928,Feb2024,Unassigned,664,547,70,0.1460843373493976
LimRic,361717928,Feb2024,Cross-network,525,455,36,0.29904761904761906
LimRic,361717928,Feb2024,Organic Social,39,31,0,0.38461538461538464
LimRic,361717928,Feb2024,Email,16,13,0,0.5625
LimRic,361717928,Feb2024,Display,1,1,0,0
LimRic,361717928,Feb2025,Organic Search,3488,2875,172,0.55676605504587151
LimRic,361717928,Feb2025,Paid Search,1716,1496,125,0.44405594405594406
LimRic,361717928,Feb2025,Direct,896,800,36,0.39285714285714285
LimRic,361717928,Feb2025,Unassigned,734,673,118,0.1444141689373297
LimRic,361717928,Feb2025,Referral,552,525,5,0.14130434782608695
LimRic,361717928,Feb2025,Organic Social,30,24,0,0.56666666666666665
LimRic,361717928,Feb2025,Email,3,3,0,1
LimRic,361717928,Feb2025,Organic Shopping,2,1,0,0.5
Reliable Power Systems,361692839,Feb2024,Organic Search,2192,1899,93,0.58850364963503654
Reliable Power Systems,361692839,Feb2024,Cross-network,1542,1372,3,0.28793774319066145
Reliable Power Systems,361692839,Feb2024,Referral,1390,1366,0,0.026618705035971222
Reliable Power Systems,361692839,Feb2024,Paid Search,1200,1065,5,0.19416666666666665
Reliable Power Systems,361692839,Feb2024,Direct,1031,935,16,0.34044616876818623
Reliable Power Systems,361692839,Feb2024,Email,692,681,0,0.51589595375722541
Reliable Power Systems,361692839,Feb2024,Display,612,564,1,0.32189542483660133
Reliable Power Systems,361692839,Feb2024,Unassigned,464,492,78,0.10129310344827586
Reliable Power Systems,361692839,Feb2024,Organic Social,114,107,0,0.24561403508771928
Reliable Power Systems,361692839,Feb2024,Paid Social,9,9,1,0.22222222222222221
Reliable Power Systems,361692839,Feb2024,Organic Video,2,2,0,0
Reliable Power Systems,361692839,Feb2025,Organic Search,6276,5395,114,0.56660293180369659
Reliable Power Systems,361692839,Feb2025,Cross-network,4021,3420,63,0.48072618751554341
Reliable Power Systems,361692839,Feb2025,Unassigned,2656,2595,284,0.13704819277108435
Reliable Power Systems,361692839,Feb2025,Paid Search,2206,1977,88,0.35992747053490481
Reliable Power Systems,361692839,Feb2025,Referral,1699,1675,7,0.064155385520894642
Reliable Power Systems,361692839,Feb2025,Direct,1207,1104,21,0.40099420049710027
Reliable Power Systems,361692839,Feb2025,Paid Social,878,838,9,0.214123006833713
Reliable Power Systems,361692839,Feb2025,Display,686,640,0,0.055393586005830907
Reliable Power Systems,361692839,Feb2025,Organic Social,63,56,4,0.52380952380952384
Reliable Power Systems,361692839,Feb2025,Organic Shopping,41,41,0,0
Reliable Power Systems,361692839,Feb2025,Organic Video,38,32,0,0.31578947368421051
Roth Home,325174168,Feb2023,Organic Search,4598,3883,10,0.56437581557198779
Roth Home,325174168,Feb2023,Direct,1611,1376,7,0.42147734326505276
Roth Home,325174168,Feb2023,Organic Social,394,357,0,0.2766497461928934
Roth Home,325174168,Feb2023,Referral,152,105,0,0.58552631578947367
Roth Home,325174168,Feb2023,Unassigned,83,74,0,0.03614457831325301
Roth Home,325174168,Feb2023,Paid Search,18,15,0,0.83333333333333337
Roth Home,325174168,Feb2024,Paid Search,18605,15456,544,0.20150497178177909
Roth Home,325174168,Feb2024,Organic Search,4505,3526,105,0.54028856825749172
Roth Home,325174168,Feb2024,Direct,4325,3937,43,0.25965317919075143
Roth Home,325174168,Feb2024,Unassigned,1864,2639,863,0.075107296137339061
Roth Home,325174168,Feb2024,Paid Video,1235,981,29,0.30445344129554658
Roth Home,325174168,Feb2024,Organic Social,1196,1135,0,0.11538461538461539
Roth Home,325174168,Feb2024,Organic Video,1069,1018,0,0.027128157156220765
Roth Home,325174168,Feb2024,Referral,1028,938,4,0.14591439688715954
Roth Home,325174168,Feb2024,Cross-network,535,461,64,0.42616822429906542
Roth Home,325174168,Feb2024,Display,203,198,0,0.42857142857142855
Roth Home,325174168,Feb2024,Paid Other,78,77,17,0.34615384615384615
Roth Home,325174168,Feb2025,Organic Search,3598,2783,1476,0.60283490828237907
Roth Home,325174168,Feb2025,Direct,2450,2096,1411,0.47142857142857142
Roth Home,325174168,Feb2025,Paid Search,2101,1762,2470,0.65920990004759639
Roth Home,325174168,Feb2025,Unassigned,1759,1955,737,0.18760659465605459
Roth Home,325174168,Feb2025,Paid Social,1630,1415,1585,0.51165644171779145
Roth Home,325174168,Feb2025,Referral,1488,1364,75,0.17809139784946237
Roth Home,325174168,Feb2025,Cross-network,148,134,68,0.60135135135135132
Roth Home,325174168,Feb2025,Organic Social,57,52,26,0.56140350877192979
"Schaal Plumbing, Heating & Cooling",361659621,Feb2024,Paid Search,6860,5719,157,0.25597667638483967
"Schaal Plumbing, Heating & Cooling",361659621,Feb2024,Referral,2608,2434,15,0.18865030674846625
"Schaal Plumbing, Heating & Cooling",361659621,Feb2024,Organic Search,1751,1339,86,0.65448315248429467
"Schaal Plumbing, Heating & Cooling",361659621,Feb2024,Unassigned,1386,1332,375,0.15728715728715728
"Schaal Plumbing, Heating & Cooling",361659621,Feb2024,Direct,1286,1105,19,0.30559875583203733
"Schaal Plumbing, Heating & Cooling",361659621,Feb2024,Organic Social,34,31,0,0.29411764705882354
"Schaal Plumbing, Heating & Cooling",361659621,Feb2024,Display,26,25,0,0.30769230769230771
"Schaal Plumbing, Heating & Cooling",361659621,Feb2024,Organic Shopping,25,25,0,0
"Schaal Plumbing, Heating & Cooling",361659621,Feb2025,Organic Search,1619,1157,1229,0.68128474366893144
"Schaal Plumbing, Heating & Cooling",361659621,Feb2025,Paid Search,1415,1247,257,0.5045936395759717
"Schaal Plumbing, Heating & Cooling",361659621,Feb2025,Referral,1207,1115,558,0.21043910521955261
"Schaal Plumbing, Heating & Cooling",361659621,Feb2025,Direct,915,799,366,0.47540983606557374
"Schaal Plumbing, Heating & Cooling",361659621,Feb2025,Unassigned,837,758,307,0.13261648745519714
"Schaal Plumbing, Heating & Cooling",361659621,Feb2025,Organic Social,180,172,98,0.57222222222222219
"Schaal Plumbing, Heating & Cooling",361659621,Feb2025,Display,30,29,0,0.2
"Schaal Plumbing, Heating & Cooling",361659621,Feb2025,Organic Shopping,9,9,0,0
"Schaal Plumbing, Heating & Cooling",361659621,Feb2025,Paid Social,9,4,6,0.66666666666666663
Sunny Service,361722376,Feb2024,Referral,2443,2407,1,0.034383954154727794
Sunny Service,361722376,Feb2024,Unassigned,1346,974,19,0.18350668647845467
Sunny Service,361722376,Feb2024,Paid Search,689,633,11,0.18577648766328012
Sunny Service,361722376,Feb2024,Direct,660,603,13,0.23787878787878788
Sunny Service,361722376,Feb2024,Organic Social,455,435,1,0.074725274725274723
Sunny Service,361722376,Feb2024,Cross-network,421,376,14,0.34916864608076009
Sunny Service,361722376,Feb2024,Organic Search,297,248,10,0.45454545454545453
Sunny Service,361722376,Feb2024,Display,1,1,0,0
Sunny Service,361722376,Feb2025,Referral,958,935,1,0.050104384133611693
Sunny Service,361722376,Feb2025,Paid Social,851,796,5,0.21151586368977673
Sunny Service,361722376,Feb2025,Unassigned,449,453,55,0.044543429844097995
Sunny Service,361722376,Feb2025,Cross-network,375,346,7,0.35733333333333334
Sunny Service,361722376,Feb2025,Organic Search,358,282,25,0.55027932960893855
Sunny Service,361722376,Feb2025,Paid Search,344,305,12,0.502906976744186
Sunny Service,361722376,Feb2025,Direct,271,244,19,0.43173431734317341
Sunny Service,361722376,Feb2025,Organic Social,126,121,1,0.88095238095238093
Sunny Service,361722376,Feb2025,Email,5,5,0,0
Webb HVAC,361711756,Feb2024,Unassigned,661,533,0,0.18608169440242056
Webb HVAC,361711756,Feb2024,Referral,577,564,0,0.10571923743500866
Webb HVAC,361711756,Feb2024,Organic Search,565,446,8,0.67433628318584071
Webb HVAC,361711756,Feb2024,Paid Search,461,401,2,0.52277657266811284
Webb HVAC,361711756,Feb2024,Direct,444,374,0,0.37612612612612611
Webb HVAC,361711756,Feb2024,Cross-network,396,332,0,0.351010101010101
Webb HVAC,361711756,Feb2024,Organic Social,6,6,0,0.83333333333333337
Webb HVAC,361711756,Feb2024,Display,2,1,0,0
Webb HVAC,361711756,Feb2025,Organic Search,615,474,478,0.70081300813008129
Webb HVAC,361711756,Feb2025,Direct,470,416,175,0.474468085106383
Webb HVAC,361711756,Feb2025,Paid Search,381,324,142,0.5879265091863517
Webb HVAC,361711756,Feb2025,Referral,203,173,43,0.23645320197044334
Webb HVAC,361711756,Feb2025,Unassigned,111,471,81,0.13513513513513514
Webb HVAC,361711756,Feb2025,Organic Social,11,11,0,0.45454545454545453
Webb HVAC,361711756,Feb2025,Email,8,2,5,0.625
